university,country,city,region,student_faculty_ratio,international_students,faculty_count
MIT,United States,Cambridge,North America,4,3730,3065.00
University of Oxford,United Kingdom,Oxford,Europe,3,8442,6708.00
Stanford University,United States,Stanford,North America,3,3879,4725.00
University of Cambridge,United Kingdom,Cambridge,Europe,4,7925,5800.00
Harvard University,United States,Cambridge,North America,5,5877,4646.00
Caltech,United States,Pasadena,North America,2,692,968.00
Imperial College London,United Kingdom,London,Europe,5,11143,8000.00
ETH Zurich,Switzerland,Zürich,Europe,7,7733,2719.00
UCL,United Kingdom,London,Europe,5,21824,7195.00
University of Chicago,United States,Chicago,North America,6,4696,2703.00
NUS,Singapore,Singapore,Asia,7,7551,4288.00
NTU,Singapore,Singapore,Asia,6,6091,3812.00
University of Pennsylvania,United States,Philadelphia,North America,4,4636,5154.00
EPFL,Switzerland,Lausanne,Europe,6,6426,1767.00
Yale University,United States,New Haven,North America,2,2537,5391.00
The University of Edinburgh,United Kingdom,Edinburgh,Europe,7,14637,4832.00
Tsinghua University,China (Mainland),Beijing,Asia,6,5420,6174.00
Peking University,China (Mainland),Beijing,Asia,6,5436,5302.00
Columbia University,United States,New York City,North America,4,11252,7087.00
Princeton University,United States,Princeton,North America,8,1912,1050.00
Cornell University,United States,Ithaca,North America,8,5675,2843.00
The University of Hong Kong,Hong Kong SAR,Hong Kong,Asia,7,8311,2944.00
The University of Tokyo,Japan,Tokyo,Asia,6,3983,4473.00
University of Michigan-Ann Arbor,United States,Ann Arbor,North America,6,7341,7132.00
Johns Hopkins University,United States,Baltimore,North America,3,5070,4855.00
University of Toronto,Canada,Toronto,North America,8,27536,9881.00