university,country,city,region,student_faculty_ratio,international_students,faculty_count
MIT,United States,Cambridge,North America,4,3730,3065
University of Oxford,United Kingdom,Oxford,Europe,3,8442,6708
Stanford University,United States,Stanford,North America,3,3879,4725
University of Cambridge,United Kingdom,Cambridge,Europe,4,7925,5800
Harvard University,United States,Cambridge,North America,5,5877,4646
Caltech,United States,Pasadena,North America,2,692,968
Imperial College London,United Kingdom,London,Europe,5,11143,8000
ETH Zurich,Switzerland,Zürich,Europe,7,7733,2719
UCL,United Kingdom,London,Europe,5,21824,7195
University of Chicago,United States,Chicago,North America,6,4696,2703
NUS,Singapore,Singapore,Asia,7,7551,4288
NTU,Singapore,Singapore,Asia,6,6091,3812
University of Pennsylvania,United States,Philadelphia,North America,4,4636,5154
EPFL,Switzerland,Lausanne,Europe,6,6426,1767
Yale University,United States,New Haven,North America,2,2537,5391
The University of Edinburgh,United Kingdom,Edinburgh,Europe,7,14637,4832
Tsinghua University,China (Mainland),Beijing,Asia,6,5420,6174
Peking University,China (Mainland),Beijing,Asia,6,5436,5302
Columbia University,United States,New York City,North America,4,11252,7087
Princeton University,United States,Princeton,North America,8,1912,1050
Cornell University,United States,Ithaca,North America,8,5675,2843
The University of Hong Kong,Hong Kong SAR,Hong Kong,Asia,7,8311,2944
The University of Tokyo,Japan,Tokyo,Asia,6,3983,4473
University of Michigan-Ann Arbor,United States,Ann Arbor,North America,6,7341,7132
Johns Hopkins University,United States,Baltimore,North America,3,5070,4855
University of Toronto,Canada,Toronto,North America,8,27536,9881